신청번호,신청자,직급,구분,출장지,출장일수,숙박일수,숙박비,일비,교통비,합계,사전승인
T-2026-001,최하은,사원,국내,대전,3,2,140000,90000,35000,265000,N
T-2026-002,권건우,대리,국내,제주,2,1,90000,60000,67000,217000,N
T-2026-003,신현우,과장,국내,강릉,4,3,270000,120000,158000,558000,N
T-2026-004,전예린,차장,해외,프랑크푸르트,5,4,760000,325000,460000,1545000,N
T-2026-005,김유나,부장,국내,대전,3,2,240000,105000,85000,430000,N
T-2026-006,김현우,사원,국내,부산,2,1,90000,60000,140000,290000,Y
T-2026-007,임도윤,과장,해외,도쿄,4,3,585000,240000,940000,1765000,N
T-2026-008,신채원,대리,국내,광주,3,2,140000,90000,87000,317000,N
T-2026-009,박선우,차장,국내,강릉,2,1,120000,60000,126000,306000,N
T-2026-010,박나연,사원,해외,하노이,6,5,925000,450000,1170000,2545000,N
T-2026-011,조우진,과장,국내,강릉,3,2,200000,90000,158000,448000,N
T-2026-012,서지민,사원,국내,강릉,4,3,240000,120000,72000,442000,N
T-2026-013,정다은,부장,해외,하노이,5,4,1020000,300000,800000,2120000,Y
T-2026-014,권유나,부장,국내,강릉,2,1,115000,60000,125000,300000,N
T-2026-015,신유나,대리,국내,제주,5,4,260000,175000,121000,556000,N
T-2026-016,정선우,대리,해외,하노이,3,2,380000,195000,480000,1055000,N
T-2026-017,안예린,과장,국내,부산,2,1,100000,60000,75000,235000,N
T-2026-018,임정우,사원,국내,대전,3,2,200000,90000,98000,397000,N
T-2026-019,황현우,차장,국내,대구,4,3,300000,120000,91000,511000,N
T-2026-020,안준서,과장,해외,싱가포르,4,3,600000,260000,970000,1830000,Y
T-2026-021,송연우,대리,국내,부산,2,1,80000,60000,157000,297000,N
T-2026-022,홍도윤,부장,국내,대전,3,2,260000,90000,76000,426000,N
T-2026-023,장도윤,사원,국내,부산,2,1,70000,60000,101000,231000,N
T-2026-024,황선우,차장,해외,도쿄,3,2,390000,180000,440000,1010000,N
